date,Adj Close,Close,High,Low,Open,Volume
03-01-2022,36421.47656,36421.89844,36492.10156,35526.60156,35585.19922,219000
04-01-2022,36839.71875,36840.14844,36887.80078,36374.39844,36551.25,190500
05-01-2022,37695.46094,37695.89844,37862.39844,36756.35156,36943.55078,237400
06-01-2022,37489.8125,37490.25,37752.5,37058.44922,37242.55078,199000
07-01-2022,37739.16406,37739.60156,38134.85156,37427.80078,37667.05078,183300
10-01-2022,38347.45313,38347.89844,38400.35156,37929.35156,37930.55078,206500
11-01-2022,38441.75391,38442.19922,38504.60156,38031.75,38370,159500
12-01-2022,38727.10156,38727.55078,38851.44922,38604.60156,38719.60156,156100
13-01-2022,38469.50391,38469.94922,38717.55078,38376.14844,38717.55078,159200
14-01-2022,38369.95313,38370.39844,38448.05078,38007.75,38302.35156,148600
17-01-2022,38215.70313,38216.14844,38617.5,38138.25,38212.55078,140300
18-01-2022,38209.85547,38210.30078,38855.55078,38095.39844,38337.39844,168800
19-01-2022,38040.91016,38041.35156,38330.5,37769.25,38145.75,165300
20-01-2022,37850.41016,37850.85156,38167.94922,37591.85156,38106.10156,149600
21-01-2022,37573.86328,37574.30078,37741,37224.25,37522.35156,157800
24-01-2022,36947.12109,36947.55078,37694.69922,36375.35156,37601.94922,231000
25-01-2022,37706.3125,37706.75,37788.80078,36415.60156,36598.05078,267500
27-01-2022,37981.66016,37982.10156,38147.64844,37012.25,37058.19922,346300
28-01-2022,37688.96094,37689.39844,38421.69922,37581.5,38246.60156,294300
31-01-2022,37974.91016,37975.35156,38217.25,37647.85156,38091.80078,217800
01-02-2022,38505.05078,38505.5,38802.69922,37690.60156,38460.44922,234100
02-02-2022,39330.04297,39330.5,39386.60156,38752.64844,38841.55078,252600
03-02-2022,39009.54688,39010,39424.85156,38861.14844,39255.69922,193800
04-02-2022,38788.90234,38789.35156,39278.60156,38562.60156,39128,163100
07-02-2022,37995.00781,37995.44922,38837.55078,37802.69922,38592.05078,241900
08-02-2022,38028.00781,38028.44922,38222.10156,37319.05078,38176.10156,200200
09-02-2022,38609.80078,38610.25,38648.14844,38192,38283.60156,124900
10-02-2022,39010.49609,39010.94922,39197.19922,38520,38801.44922,147800
11-02-2022,38516.80078,38517.25,38790.25,38396.39844,38567.64844,155000
14-02-2022,36908.12109,36908.55078,37796.55078,36828.05078,37664,213800
15-02-2022,38169.65625,38170.10156,38231.60156,36651.85156,36989.80078,193000
16-02-2022,37953.35938,37953.80078,38461.69922,37762.80078,38296.5,170100
17-02-2022,37531.21094,37531.64844,38124.5,37425.60156,38042.10156,136300
18-02-2022,37598.71094,37599.14844,37817.55078,37304.44922,37344.44922,113500
21-02-2022,37685.16406,37685.60156,38054.39844,37156.80078,37400,143300
22-02-2022,37371.21484,37371.64844,37659.39844,36818.10156,36833,159400
23-02-2022,37391.61719,37392.05078,37774.60156,37318,37628.55078,137300
24-02-2022,35227.69141,35228.10156,36709.14844,34991.35156,36085.19922,427800
25-02-2022,36430.32813,36430.75,36684.64844,35768.19922,35901.69922,372800
28-02-2022,36204.87891,36205.30078,36270.25,35611.89844,35938.94922,238300
02-03-2022,35372.39063,35372.80078,35553.69922,34897.44922,35381.89844,211300
03-03-2022,34943.89453,34944.30078,35804.14844,34721.14844,35621.14844,172500
04-03-2022,34407.40234,34407.80078,35097.75,34094.10156,34526.10156,194500
07-03-2022,32870.86719,32871.25,33543.30078,32376.5,33278.14844,248900
08-03-2022,33157.71484,33158.10156,33263.55078,32155.34961,32531.90039,276800
09-03-2022,33815.05469,33815.44922,33969.5,32948.89844,33278.89844,258500
10-03-2022,34475.19922,34475.60156,35374.14844,34218.05078,35153.94922,273900
11-03-2022,34545.84766,34546.25,34880.05078,34094.30078,34331,169500
14-03-2022,35311.73828,35312.14844,35435.10156,34625.05078,34660.25,193300
15-03-2022,35022.24219,35022.64844,35643.80078,34706.05078,35467.94922,224200
16-03-2022,35747.83594,35748.25,35806.35156,35461.55078,35555.75,173800
17-03-2022,36428.12891,36428.55078,36611.94922,36261.64844,36302,182000
21-03-2022,36018.08203,36018.5,36600.19922,35900.19922,36545.85156,128700
22-03-2022,36348.12891,36348.55078,36468.80078,35384.75,35975.60156,202900
23-03-2022,36146.92969,36147.35156,36827.60156,36064.75,36627.69922,197900
24-03-2022,35526.6875,35527.10156,35957.69922,35421.69922,35633.69922,205200
25-03-2022,35409.69141,35410.10156,35717.39844,35203.85156,35700.39844,157000
28-03-2022,35710.08594,35710.5,35770.80078,35016.30078,35488.69922,197000
29-03-2022,35846.98047,35847.39844,35977.19922,35506.55078,35931.75,177100
30-03-2022,36333.87891,36334.30078,36421.10156,36070.55078,36241.55078,325600
31-03-2022,36373.17969,36373.60156,36590.85156,36278.14844,36457.19922,188100
01-04-2022,37148.06641,37148.5,37209.80078,36242.35156,36298.35156,245700
04-04-2022,38634.75,38635.19922,38765.85156,37665.55078,37824.94922,309200
05-04-2022,38067.45703,38067.89844,38759.25,37935.94922,38731.30078,220600
06-04-2022,37632.36328,37632.80078,37868.5,37513.85156,37711.30078,198800
07-04-2022,37556.91406,37557.35156,37975.89844,37346.80078,37421.75,245000
08-04-2022,37751.61328,37752.05078,37884.19922,37405.19922,37619.69922,202200
11-04-2022,37613.36328,37613.80078,37941.75,37524.44922,37591.75,132100
12-04-2022,37746.96094,37747.39844,37920.60156,37264.44922,37407.39844,171000
13-04-2022,37462.96484,37463.39844,37988.60156,37408.19922,37887.30078,143300
18-04-2022,36728.57422,36729,36965.85156,36441.35156,36833.14844,182900
19-04-2022,36341.17969,36341.60156,37123.55078,35926.30078,36806.80078,216300
20-04-2022,36314.47656,36314.89844,36513.85156,36114.05078,36482.60156,153400
21-04-2022,36815.67188,36816.10156,36913.35156,36395.69922,36513.10156,132700
22-04-2022,36044.33203,36044.75,36578.94922,35991.5,36514.14844,140100
25-04-2022,36081.93359,36082.35156,36270.14844,35511.39844,35792.35156,183100
26-04-2022,36404.37891,36404.80078,36604.55078,36265.89844,36515.35156,143400
27-04-2022,36028.43359,36028.85156,36175.89844,35747.14844,36067.55078,134200
28-04-2022,36421.77734,36422.19922,36501.10156,35951.10156,36189.94922,137300
29-04-2022,36087.73047,36088.14844,36718.80078,35978.94922,36474.05078,172700
02-05-2022,36163.32813,36163.75,36235.25,35618.19922,35627.60156,170200
04-05-2022,35264.14063,35264.55078,36309.30078,35127.85156,36266.14844,214600
05-05-2022,35232.44141,35232.85156,35934.85156,35133.80078,35705.35156,167300
06-05-2022,34590.79688,34591.19922,34797.94922,34353.19922,34569.10156,199200
09-05-2022,34275,34275.39844,34554.35156,33927.19922,34091.75,179900
10-05-2022,34482.24609,34482.64844,34781.80078,34176.80078,34181.19922,138000
11-05-2022,34692.74609,34693.14844,34793.19922,34143.19922,34686.30078,179500
12-05-2022,33531.75781,33532.14844,34341.19922,33297.64844,34289.10156,382100
13-05-2022,33120.96484,33121.35156,34002.19922,33007.89844,33925.94922,272700
16-05-2022,33597.21094,33597.60156,33821.64844,33001.75,33256,195100
17-05-2022,34301.5,34301.89844,34366.05078,33680.60156,33796.19922,161500
18-05-2022,34163.30078,34163.69922,34655.80078,34134.69922,34448.19922,146800
19-05-2022,33315.26172,33315.64844,33633.94922,33180.60156,33461,150400
20-05-2022,34276,34276.39844,34358.05078,33658.05078,33765.14844,129400
23-05-2022,34247.20313,34247.60156,34819.94922,34117.35156,34321.39844,156000
24-05-2022,34289.75,34290.14844,34586.44922,34115.80078,34223.19922,163700
25-05-2022,34339.10156,34339.5,34722.60156,34285.80078,34491.80078,153600
26-05-2022,35094.49219,35094.89844,35222.05078,34424.75,34670.60156,191500
27-05-2022,35612.88672,35613.30078,35694.85156,35291.94922,35326.60156,132600
30-05-2022,35826.53125,35826.94922,36083.69922,35748.44922,35958.80078,127000
31-05-2022,35486.98438,35487.39844,35881.94922,35288.94922,35615.30078,149300
01-06-2022,35620.38672,35620.80078,35768.69922,35285.44922,35358.94922,100800
02-06-2022,35613.23438,35613.64844,35676.19922,35385,35470.94922,140700
03-06-2022,35274.64063,35275.05078,35958.44922,35175.10156,35929.55078,104800
06-06-2022,35309.78906,35310.19922,35424.5,35072.30078,35159.14844,100800
07-06-2022,34995.59375,34996,35154.30078,34834.39844,35080.80078,91600
08-06-2022,34945.74219,34946.14844,35449.89844,34831.75,35165.64844,124600
09-06-2022,35085.04297,35085.44922,35149.10156,34659.10156,34802.25,100900
10-06-2022,34483.39844,34483.80078,34752.44922,34346.64844,34686.94922,90000
13-06-2022,33405.46484,33405.85156,33774.05078,33210.35156,33728.64844,131900
14-06-2022,33310.96484,33311.35156,33618.14844,33123.89844,33180.60156,113200
15-06-2022,33338.61328,33339,33554.55078,33249.55078,33317.80078,90800
16-06-2022,32616.7207,32617.09961,33756.5,32537.94922,33648.80078,129500
17-06-2022,32742.66992,32743.05078,32889.80078,32290.55078,32393.44922,139800
20-06-2022,32684.41992,32684.80078,32926.10156,32426.40039,32873.39844,144400
21-06-2022,33191.36328,33191.75,33593.80078,32797.55078,32978.05078,258100
22-06-2022,32844.91797,32845.30078,33106.94922,32758.15039,33051.64844,135000
23-06-2022,33134.61328,33135,33431.75,32652.15039,32927.39844,193100
24-06-2022,33627.05859,33627.44922,33721.89844,33390.85156,33434.80078,149800
27-06-2022,33810.85547,33811.25,34147.5,33735.5,34126.19922,111400
28-06-2022,33642.05859,33642.44922,33745.30078,33503.30078,33578.19922,125000
29-06-2022,33269.51172,33269.89844,33422.80078,33185.25,33273.55078,140800
30-06-2022,33424.71484,33425.10156,33659.30078,33179.60156,33180.69922,149500
01-07-2022,33539.05859,33539.44922,33666.5,33080.44922,33264.75,149900
04-07-2022,33940.50391,33940.89844,33978.5,33515.60156,33558.85156,152600
05-07-2022,33815.50391,33815.89844,34361.05078,33757,34084.69922,115000
06-07-2022,34323.85156,34324.25,34388.5,33876.14844,33929.39844,122700
07-07-2022,34919.89453,34920.30078,34965.75,34553.10156,34627.39844,184000
08-07-2022,35123.64063,35124.05078,35262.10156,34977.75,35258.89844,109000
11-07-2022,35469.23438,35469.64844,35543.10156,35006.55078,35017.60156,130600
12-07-2022,35131.83984,35132.25,35419.64844,35047.5,35298.69922,113400
13-07-2022,34827.39453,34827.80078,35308.14844,34757.60156,35259.80078,103400
14-07-2022,34650.79688,34651.19922,35027.60156,34558.44922,34817.94922,121300
15-07-2022,34682.24609,34682.64844,34899.94922,34463.89844,34734.44922,99100
18-07-2022,35358.28906,35358.69922,35382.5,34804.39844,34841.85156,146600
19-07-2022,35719.9375,35720.35156,35761.64844,35110.5,35113.25,183400
20-07-2022,35971.68359,35972.10156,36182.69922,35876.55078,36061.30078,173400
21-07-2022,36200.57813,36201,36331.69922,35887.35156,36026.55078,153800
22-07-2022,36738.52344,36738.94922,36823.44922,36286.35156,36322.89844,143600
25-07-2022,36725.97266,36726.39844,37011.19922,36464.64844,36766.69922,139700
26-07-2022,36408.07813,36408.5,36695.75,36334.10156,36688.55078,114000
27-07-2022,36783.32422,36783.75,36808.30078,36248.60156,36370.55078,113100
28-07-2022,37377.71484,37378.14844,37414.39844,37028.5,37102.44922,172500
29-07-2022,37490.96094,37491.39844,37754.64844,37221.14844,37717.30078,166900
01-08-2022,37902.75781,37903.19922,37939.60156,37407.19922,37594.14844,346400
02-08-2022,38023.55859,38024,38179.85156,37632.30078,37767.69922,317300
03-08-2022,37988.80859,37989.25,38068.60156,37692.94922,37954.55078,200300
04-08-2022,37755.11328,37755.55078,38231.85156,37249.5,38111.05078,186300
05-08-2022,37920.16016,37920.60156,38150.44922,37779.89844,37868.25,175900
08-08-2022,38236.95313,38237.39844,38302.35156,37681.44922,37847.35156,174100
10-08-2022,38287.40625,38287.85156,38402.94922,38155.30078,38298.85156,163900
11-08-2022,38879.39844,38879.85156,38932.10156,38648.89844,38712.94922,200900
12-08-2022,39041.84766,39042.30078,39088.89844,38739.94922,38942.44922,125300
16-08-2022,39239.19141,39239.64844,39444.60156,39119.89844,39284.10156,0
17-08-2022,39461.24219,39461.69922,39504.5,39202.80078,39351.30078,169800
18-08-2022,39655.6875,39656.14844,39703.69922,39291.14844,39324.39844,137200
19-08-2022,38985.49609,38985.94922,39759.14844,38848.39844,39732.64844,148100
22-08-2022,38297.30469,38297.75,38732.85156,38247.25,38693.64844,124300
23-08-2022,38697.19922,38697.64844,38869.89844,37950.85156,37955.44922,176400
24-08-2022,39038.04688,39038.5,39120.80078,38552.19922,38552.69922,214900
25-08-2022,38950.29688,38950.75,39471.75,38803.69922,39190.05078,333400
26-08-2022,38986.69531,38987.14844,39337.10156,38846.80078,39129.64844,196300
29-08-2022,38276.25391,38276.69922,38397.10156,37943.85156,38111.60156,158000
30-08-2022,39536.28906,39536.75,39606.55078,38472.69922,38516.94922,176800
01-09-2022,39300.79297,39301.25,39667.64844,38803.30078,38806.69922,191200
02-09-2022,39420.54297,39421,39595.85156,39200.44922,39422.30078,133900
05-09-2022,39805.28906,39805.75,39865.19922,39407.39844,39412.05078,214100
06-09-2022,39666.03906,39666.5,40073.75,39564.30078,39892.94922,210200
07-09-2022,39455.44141,39455.89844,39572.05078,39258.25,39337.75,138900
08-09-2022,40208.48047,40208.94922,40265.75,39706.39844,39763.89844,203800
09-09-2022,40415.23047,40415.69922,40685.94922,40280.30078,40520.75,207000
12-09-2022,40573.52734,40574,40684.89844,40377.89844,40540.44922,147000
13-09-2022,40872.625,40873.10156,40904.30078,40693.94922,40802.10156,176400
14-09-2022,41404.91797,41405.39844,41626.89844,40288.89844,40308.80078,218400
15-09-2022,41208.71875,41209.19922,41840.14844,41153.5,41533.69922,245300
16-09-2022,40776.32813,40776.80078,41162.5,40502.05078,40977.19922,244200
19-09-2022,40903.92188,40904.39844,41184.25,40509.89844,40685.60156,206000
20-09-2022,41467.82031,41468.30078,41677.64844,41207.30078,41304.14844,175200
21-09-2022,41202.96875,41203.44922,41501.69922,40889.14844,41282.60156,151300
22-09-2022,40630.12891,40630.60156,41159.19922,40360.19922,40889.05078,209500
23-09-2022,39545.78906,39546.25,40528.39844,39412.69922,40429.35156,226200
26-09-2022,38615.80078,38616.25,39229.39844,38492.19922,39027.85156,241800
27-09-2022,38358.70313,38359.14844,39050.5,38184.89844,38811.69922,168700
28-09-2022,37759.41406,37759.85156,38368.80078,37626.19922,38081.25,210600
29-09-2022,37647.3125,37647.75,38283.39844,37536.64844,38092.85156,253000
30-09-2022,38631.5,38631.94922,38811,37386.35156,37660,246100
03-10-2022,38029.20703,38029.64844,38641.60156,37963.25,38444.89844,172900
04-10-2022,39109.59766,39110.05078,39177.5,38596.89844,38700.39844,241100
06-10-2022,39282.39453,39282.85156,39608.35156,39232.89844,39343.69922,158800
07-10-2022,39177.59375,39178.05078,39235.05078,38807.5,39093.5,165000
10-10-2022,39092.64844,39093.10156,39315.69922,38518.30078,38641.55078,159700
11-10-2022,38712,38712.44922,39174.94922,38622.75,39058.85156,177600
12-10-2022,39118.09766,39118.55078,39164.10156,38606.39844,38784.19922,195800
13-10-2022,38623.55078,38624,39061.30078,38437.94922,38957.64844,158900
14-10-2022,39305.14453,39305.60156,39570.85156,39196.30078,39446.05078,185600
17-10-2022,39919.98438,39920.44922,39974.69922,39146.69922,39295.60156,201600
18-10-2022,40318.28125,40318.75,40435.35156,40139.85156,40252.05078,245200
19-10-2022,40372.73047,40373.19922,40643.60156,40195.19922,40556.64844,232900
20-10-2022,40099.08594,40099.55078,40208.35156,39848.85156,40149.5,262800
21-10-2022,40783.57813,40784.05078,41032.25,40355.44922,40370.75,324200
24-10-2022,41304.41797,41304.89844,41427.25,41201.14844,41348.35156,74300
25-10-2022,41122.27344,41122.75,41530.64844,41021.44922,41513.64844,351800
27-10-2022,41298.82031,41299.30078,41511.80078,41178.64844,41440.69922,239400
28-10-2022,40990.375,40990.85156,41482.39844,40839.30078,41236.80078,237100
31-10-2022,41307.41797,41307.89844,41353.69922,41106.10156,41265.69922,237200
01-11-2022,41289.07031,41289.55078,41677.25,41188.55078,41552.39844,304400
02-11-2022,41146.17188,41146.64844,41474.30078,41060.44922,41472.60156,175800
03-11-2022,41297.87109,41298.35156,41478,40819.14844,40873.69922,263600
04-11-2022,41257.96875,41258.44922,41516.19922,41051.14844,41314.85156,190400
07-11-2022,41686.21484,41686.69922,41779.39844,41337.05078,41740.64844,393400
09-11-2022,41782.71484,41783.19922,41948.89844,41667.89844,41914.85156,490500
10-11-2022,41603.26563,41603.75,41643.89844,41318.60156,41462.85156,253400
11-11-2022,42136.5625,42137.05078,42345.5,41918.10156,42163.39844,255400
14-11-2022,42076.26172,42076.75,42231.44922,41965.44922,42177.55078,142700
15-11-2022,42372.20703,42372.69922,42450.05078,42079.55078,42234.85156,139400
16-11-2022,42534.80469,42535.30078,42611.75,42296.30078,42371.80078,185400
17-11-2022,42457.55859,42458.05078,42622.75,42366.55078,42399.64844,165400
18-11-2022,42436.95703,42437.44922,42590.75,42223.69922,42545.75,280100
21-11-2022,42346.05859,42346.55078,42386.80078,42202.55078,42286.94922,259100
22-11-2022,42456.55859,42457.05078,42508.75,42347.14844,42467.39844,216300
23-11-2022,42728.60547,42729.10156,42860.55078,42556.39844,42668.55078,359100
24-11-2022,43074.89844,43075.39844,43163.39844,42769.64844,42838.35156,204900
25-11-2022,42983.44922,42983.94922,43339.14844,42864.94922,43192.44922,502800
28-11-2022,43019.94922,43020.44922,43159.80078,42740,42757.19922,238700
29-11-2022,43052.94922,43053.44922,43279.60156,42959.39844,42959.39844,223000
30-11-2022,43230.49609,43231,43332.30078,42880.05078,43122.75,202000
01-12-2022,43260.14453,43260.64844,43515.05078,43101.85156,43512.10156,268400
02-12-2022,43103.25,43103.75,43131.89844,42937.80078,42976.69922,212800
05-12-2022,43332.44531,43332.94922,43372.14844,42985,43269.35156,242600
06-12-2022,43138.05078,43138.55078,43306.85156,43076.39844,43093.89844,379200
07-12-2022,43098.19922,43098.69922,43327.35156,42948.44922,43157.35156,242900
08-12-2022,43596.34375,43596.85156,43640.89844,43095.30078,43142.25,355700
09-12-2022,43632.94141,43633.44922,43853.39844,43361.69922,43765.30078,443500
12-12-2022,43708.24219,43708.75,43767.05078,43378.80078,43455.85156,234200
13-12-2022,43946.03906,43946.55078,43983.80078,43767.75,43793.69922,277000
14-12-2022,44048.58984,44049.10156,44151.80078,43987.94922,44078.60156,349200
15-12-2022,43497.69531,43498.19922,44120.60156,43379.10156,43940.10156,421900
16-12-2022,43218.99609,43219.5,43598.19922,43080.55078,43261.75,275200
19-12-2022,43413.24609,43413.75,43451.44922,43110.30078,43346.35156,175600
20-12-2022,43358.99609,43359.5,43426.19922,42955.39844,43152.64844,182300
21-12-2022,42617.45313,42617.94922,43614.64844,42363.80078,43525.75,279400
22-12-2022,42408.30859,42408.80078,42933.5,42231.35156,42864,344800
23-12-2022,41667.56641,41668.05078,42226.64844,41597.64844,41951.35156,332600
26-12-2022,42629.65234,42630.14844,42846.14844,41569.44922,41716.35156,323200
27-12-2022,42859,42859.5,42927.19922,42394.14844,42827.75,229600
28-12-2022,42827.20313,42827.69922,43034.94922,42694.85156,42733.60156,230500
29-12-2022,43251.84766,43252.35156,43498.05078,42489.80078,42684.89844,308300
30-12-2022,42985.94922,42986.44922,43422.94922,42833.10156,43401.69922,258700
02-01-2023,43203.10156,43203.10156,43382.75,42961.75,43038.25,1798102100
03-01-2023,43425.25,43425.25,43482.80078,43148.44922,43151.44922,197000
04-01-2023,42958.80078,42958.80078,43578.39844,42858.64844,43417.5,216800
05-01-2023,42608.69922,42608.69922,43137.55078,42298.60156,43073.05078,189100
06-01-2023,42188.80078,42188.80078,42685.89844,41877,42649.69922,195100
09-01-2023,42582.75,42582.75,42716.80078,42186.55078,42404.85156,161800
10-01-2023,42014.75,42014.75,42674.25,41835.75,42642,179300
11-01-2023,42232.69922,42232.69922,42318,41729,42071.85156,169800
12-01-2023,42082.25,42082.25,42343.5,41742.94922,42238.5,154100
13-01-2023,42371.25,42371.25,42453.94922,41885.60156,42171.25,205500
16-01-2023,42167.55078,42167.55078,42715.64844,42066.55078,42622.5,312300
17-01-2023,42235.05078,42235.05078,42383.80078,41861.10156,42241.19922,256300
18-01-2023,42458,42458,42555.89844,42119.64844,42271.80078,170500
19-01-2023,42328.85156,42328.85156,42506.25,42234.89844,42416.30078,143400
20-01-2023,42506.80078,42506.80078,42709.19922,42366.14844,42516.05078,159100
23-01-2023,42821.25,42821.25,43005.85156,42727.69922,42891.44922,203600
24-01-2023,42733.44922,42733.44922,43078.89844,42615.64844,42994.44922,159500
25-01-2023,41647.64844,41647.64844,42733.05078,41540.30078,42703.60156,244700
27-01-2023,40345.30078,40345.30078,41417.89844,40148.80078,41382.35156,350800
30-01-2023,40387.44922,40387.44922,40789.55078,39419.80078,39856.14844,369900
31-01-2023,40655.05078,40655.05078,40811.64844,40167.69922,40563.85156,289900
01-02-2023,40513,40513,42015.64844,39490.5,41115,400100
02-02-2023,40669.30078,40669.30078,40757.60156,39761.44922,39943.35156,348500
03-02-2023,41499.69922,41499.69922,41539.94922,40609.75,41019.35156,308800
06-02-2023,41374.64844,41374.64844,41724.5,41261.19922,41530.14844,197800
07-02-2023,41490.94922,41490.94922,41630.75,41095.10156,41513.10156,171900
08-02-2023,41537.64844,41537.64844,41791.94922,41403.05078,41542.05078,136500
09-02-2023,41554.30078,41554.30078,41634,41252.94922,41634,142900
10-02-2023,41559.39844,41559.39844,41678.89844,41424.89844,41452.39844,155000
13-02-2023,41282.19922,41282.19922,41662.55078,41157.89844,41563.5,147000
14-02-2023,41648.35156,41648.35156,41718,41195.75,41410.44922,143100
15-02-2023,41731.05078,41731.05078,41795.44922,41455.60156,41674.60156,116300
16-02-2023,41631.35156,41631.35156,41979.10156,41521.94922,41925.69922,111700
17-02-2023,41131.75,41131.75,41516.30078,40882.69922,41514,138800
20-02-2023,40701.69922,40701.69922,41292.60156,40580.10156,41221.55078,143700
21-02-2023,40673.60156,40673.60156,40946.19922,40508.25,40784.89844,170200
22-02-2023,39995.89844,39995.89844,40529.25,39899,40494.14844,155200
23-02-2023,40001.55078,40001.55078,40147.80078,39600.25,39983.69922,200500
24-02-2023,39909.39844,39909.39844,40348.10156,39818.89844,40259.10156,144600
27-02-2023,40307.10156,40307.10156,40371.44922,39745.39844,39820.39844,165200
28-02-2023,40269.05078,40269.05078,40391.44922,40073,40302.69922,327800
01-03-2023,40698.14844,40698.14844,40725.35156,40341.94922,40473.85156,169800
02-03-2023,40389.80078,40389.80078,40773.25,40312.89844,40604.55078,149200
03-03-2023,41251.35156,41251.35156,41390.14844,40605.35156,40671.39844,213800
06-03-2023,41350.39844,41350.39844,41671.19922,41259.14844,41418.39844,180200
08-03-2023,41577.10156,41577.10156,41625.35156,41100.35156,41178.35156,157600
09-03-2023,41256.75,41256.75,41659,41208.10156,41532.64844,119200
10-03-2023,40485.44922,40485.44922,40839,40341.69922,40805.25,145300
13-03-2023,39564.69922,39564.69922,40690.05078,39454.60156,40356.10156,174500
14-03-2023,39411.39844,39411.39844,39768.5,39132.60156,39522.39844,205700
15-03-2023,39051.5,39051.5,39914.10156,38934.64844,39777.89844,164300
16-03-2023,39132.60156,39132.60156,39381.39844,38613.14844,39061.69922,196300
17-03-2023,39598.10156,39598.10156,39705.14844,38926.80078,39442.39844,173400
20-03-2023,39361.94922,39361.94922,39512.10156,38941.89844,39512.10156,173800
21-03-2023,39894.69922,39894.69922,39970.89844,39366.30078,39599.64844,187900
22-03-2023,39999.05078,39999.05078,40085.60156,39837.80078,40036,0
23-03-2023,39616.89844,39616.89844,40201.60156,39552.5,39836.14844,153200
24-03-2023,39395.35156,39395.35156,39767.89844,39294.89844,39555.25,166100
27-03-2023,39431.30078,39431.30078,39695.19922,39273.75,39484.69922,194200
28-03-2023,39567.89844,39567.89844,39645.19922,39326.10156,39545.05078,202300
29-03-2023,39910.14844,39910.14844,40055,39609.55078,39611.55078,259600
31-03-2023,40608.64844,40608.64844,40690.39844,40180.19922,40231.25,188000
03-04-2023,40813.05078,40813.05078,40857.60156,40535.89844,40695.80078,167500
05-04-2023,40999.14844,40999.14844,41071.14844,40802.64844,40972.30078,177400
06-04-2023,41041,41041,41274.69922,40820.55078,40940.69922,196500
10-04-2023,40834.64844,40834.64844,41139.85156,40727.25,41116.14844,153900
11-04-2023,41366.5,41366.5,41403.25,40990.19922,41232,219200
12-04-2023,41557.94922,41557.94922,41610.14844,41332,41426,143000
13-04-2023,42132.55078,42132.55078,42196.19922,41502.64844,41680.10156,232600
17-04-2023,42262.55078,42262.55078,42603.55078,41799,42603.55078,229100
18-04-2023,42265.19922,42265.19922,42500.69922,42114.35156,42406.94922,214200
19-04-2023,42154,42154,42339.89844,42022.14844,42280.10156,170000
20-04-2023,42269.5,42269.5,42378.14844,42108.85156,42218.5,180200
21-04-2023,42118,42118,42382.14844,41962.35156,42252.55078,144100
24-04-2023,42635.75,42635.75,42714.14844,42269.10156,42469.94922,201000
25-04-2023,42678.5,42678.5,42865.55078,42601.5,42731.60156,262400
26-04-2023,42829.89844,42829.89844,42875.60156,42432.25,42559.05078,178000
27-04-2023,43000.85156,43000.85156,43043.39844,42736.60156,42753.89844,181400
28-04-2023,43233.89844,43233.89844,43302.05078,42810.35156,43045.5,238700
02-05-2023,43352.10156,43352.10156,43483.85156,43269.39844,43395.05078,241600
03-05-2023,43312.69922,43312.69922,43354.94922,43078.14844,43154.85156,175900
04-05-2023,43685.44922,43685.44922,43739.80078,43213.94922,43236.10156,175400
05-05-2023,42661.19922,42661.19922,43588,42582.19922,43110.64844,251200
08-05-2023,43284,43284,43418.55078,42780.30078,42796.85156,223400
09-05-2023,43198.14844,43198.14844,43533.25,43125.85156,43438.55078,229000
10-05-2023,43331.05078,43331.05078,43383.64844,42822.14844,43275.25,249100
11-05-2023,43475.30078,43475.30078,43774.25,43367.25,43535.10156,190700
12-05-2023,43793.55078,43793.55078,43905.94922,43347.75,43447.14844,144900
15-05-2023,44072.10156,44072.10156,44151.69922,43666.60156,43821.05078,161300
16-05-2023,43903.69922,43903.69922,44144.14844,43815.69922,44144.14844,222500
17-05-2023,43698.69922,43698.69922,43992.75,43446.39844,43948.5,203600
18-05-2023,43752.30078,43752.30078,44079.19922,43673.69922,44006.89844,226500
19-05-2023,43969.39844,43969.39844,44020.89844,43531.89844,43930,192000
22-05-2023,43885.10156,43885.10156,44026.75,43684.89844,43935.30078,183800
23-05-2023,43954.44922,43954.44922,44095.25,43852.19922,43978.89844,142000
24-05-2023,43677.85156,43677.85156,44010.44922,43639.80078,43751.94922,148600
25-05-2023,43681.39844,43681.39844,43719.85156,43390.30078,43630.25,170200
26-05-2023,44018,44018,44067.60156,43588.80078,43765.35156,143200
29-05-2023,44311.89844,44311.89844,44483.35156,44193.94922,44276.80078,148600
30-05-2023,44436.35156,44436.35156,44498.60156,44207.5,44277.35156,157600
31-05-2023,44128.14844,44128.14844,44339.05078,43822.69922,44318,305700
01-06-2023,43790.19922,43790.19922,44179.94922,43706.14844,44172.05078,182900
02-06-2023,43937.85156,43937.85156,44088.89844,43812.55078,43997.30078,123900
05-06-2023,44101.64844,44101.64844,44266.14844,44074.19922,44103.25,124500
06-06-2023,44164.55078,44164.55078,44236.19922,44009.69922,44156.69922,123600
07-06-2023,44275.30078,44275.30078,44346.30078,44143.5,44318.69922,119200
08-06-2023,43995.25,43995.25,44459.25,43917.89844,44208.30078,160200
09-06-2023,43989,43989,44220.10156,43932.60156,44045.75,132300
12-06-2023,43944.19922,43944.19922,44124.94922,43874.05078,44035.19922,91400
13-06-2023,44079.85156,44079.85156,44138.14844,43889.69922,43889.69922,160000
14-06-2023,43988,43988,44212.35156,43956.14844,44181.64844,154600
15-06-2023,43443.60156,43443.60156,44077.44922,43397.5,44054.35156,228200
16-06-2023,43938.14844,43938.14844,44083.25,43536.94922,43583.35156,234700
19-06-2023,43633.75,43633.75,44040.35156,43501.39844,44015.30078,234900
20-06-2023,43766.5,43766.5,43823.94922,43345.94922,43597.55078,161900
21-06-2023,43859.19922,43859.19922,43946.69922,43698.94922,43894.39844,180000
22-06-2023,43724.85156,43724.85156,44042.14844,43663.35156,43874.80078,263800
23-06-2023,43622.89844,43622.89844,43824.10156,43519.55078,43641.60156,161300
26-06-2023,43641.05078,43641.05078,43773.10156,43541.75,43714.75,120700
27-06-2023,44121.5,44121.5,44194.64844,43693.14844,43804.55078,137300
28-06-2023,44327.80078,44327.80078,44508.39844,44163.19922,44419.5,243800
30-06-2023,44747.35156,44747.35156,44787.10156,44447.19922,44666,191300
03-07-2023,45158.10156,45158.10156,45353.19922,44882.10156,44957.94922,228200
04-07-2023,45301.44922,45301.44922,45655.5,45000.25,45310.55078,463000
05-07-2023,45151.80078,45151.80078,45418.89844,45073.39844,45169.69922,366300
06-07-2023,45339.89844,45339.89844,45417.5,45042.60156,45060.55078,244900
07-07-2023,44925,44925,45227.25,44844.80078,45118.05078,220900
10-07-2023,44860.85156,44860.85156,45184.30078,44721.89844,44958.64844,220900
11-07-2023,44745.05078,44745.05078,45139.55078,44663.05078,44998,209000
12-07-2023,44639.44922,44639.44922,44937.25,44562.39844,44872.60156,233100
13-07-2023,44665.05078,44665.05078,45085.14844,44612.19922,45009.30078,336800
14-07-2023,44819.30078,44819.30078,44923.85156,44547.80078,44860.64844,196300
17-07-2023,45449.75,45449.75,45556.44922,44695.05078,44951.19922,245900
18-07-2023,45410.85156,45410.85156,45905.85156,45281.30078,45754.80078,307300
19-07-2023,45669.30078,45669.30078,45707.39844,45433,45622.5,261100
20-07-2023,46186.89844,46186.89844,46256.19922,45640.94922,45689.05078,315200
21-07-2023,46075.19922,46075.19922,46369.5,45925.89844,46063.94922,235600
24-07-2023,45923.05078,45923.05078,46191.5,45858.75,46131.89844,225800
25-07-2023,45845,45845,46156.10156,45622.85156,46154.69922,228100
26-07-2023,46062.35156,46062.35156,46096.60156,45804.69922,45935.14844,298400
27-07-2023,45679.30078,45679.30078,46310.10156,45570.64844,46285.85156,320400
28-07-2023,45468.10156,45468.10156,45727.75,45238.80078,45560.89844,194700
31-07-2023,45651.10156,45651.10156,45694.89844,45359.75,45546.35156,247900
01-08-2023,45592.5,45592.5,45782.75,45471.05078,45740,175200
02-08-2023,44995.69922,44995.69922,45404.89844,44720.89844,45234.64844,233600
03-08-2023,44513.44922,44513.44922,45038.44922,44279.39844,44862.85156,245800
04-08-2023,44879.5,44879.5,45118.05078,44520.55078,44754.75,245200
07-08-2023,44837.5,44837.5,45011.35156,44773.85156,44993.69922,200800
08-08-2023,44964.44922,44964.44922,45096.85156,44817.85156,44888.94922,229400
09-08-2023,44880.69922,44880.69922,44975,44533.75,44973.44922,177300
10-08-2023,44541.80078,44541.80078,44980.35156,44418.39844,44797.64844,232000
11-08-2023,44199.10156,44199.10156,44571.25,44120.89844,44568.14844,196900
14-08-2023,44090.94922,44090.94922,44212.75,43776.89844,44066.60156,172300
16-08-2023,43946.39844,43946.39844,44002.80078,43600.35156,43726.25,0
17-08-2023,43891.35156,43891.35156,44071.85156,43745.10156,43897.25,266400
18-08-2023,43851.05078,43851.05078,43957.64844,43672.44922,43724.75,167600
21-08-2023,44002,44002,44113.80078,43862,43952.85156,126300
22-08-2023,43993.25,43993.25,44151.30078,43938.69922,44125,160700
23-08-2023,44479.05078,44479.05078,44521.64844,43952.05078,44064.5,212400
24-08-2023,44496.19922,44496.19922,44949.89844,44433.75,44704.19922,220400
25-08-2023,44231.44922,44231.44922,44359.10156,43983.75,44276.19922,152500
28-08-2023,44494.64844,44494.64844,44610.39844,44201.44922,44253.64844,163000
29-08-2023,44495.25,44495.25,44673,44429.80078,44655.75,140300
30-08-2023,44232.60156,44232.60156,44779.64844,44149.80078,44706.55078,153100
31-08-2023,43989.14844,43989.14844,44399.64844,43895.05078,44265.85156,705100
01-09-2023,44436.10156,44436.10156,44568.55078,43830.75,43996.10156,320800
04-09-2023,44578.30078,44578.30078,44656.05078,44310.94922,44647.64844,238600
05-09-2023,44532.14844,44532.14844,44668.69922,44401.69922,44625.05078,225500
06-09-2023,44409.10156,44409.10156,44577,44207.25,44494.64844,252000
07-09-2023,44878.35156,44878.35156,44915.55078,44341.19922,44418.05078,169100
08-09-2023,45156.39844,45156.39844,45383.35156,44812.14844,44953.64844,179100
11-09-2023,45570.69922,45570.69922,45636.19922,45231.30078,45340.80078,228100
12-09-2023,45511.35156,45511.35156,45893.80078,45322.55078,45893.80078,271400
13-09-2023,45909.44922,45909.44922,45990.5,45299.39844,45449.35156,441700
14-09-2023,46000.85156,46000.85156,46153.89844,45801.5,46013.30078,238600
15-09-2023,46231.5,46231.5,46310.39844,46028.75,46122.14844,278400
18-09-2023,45979.85156,45979.85156,46252.94922,45906.89844,46100.94922,348800
20-09-2023,45384.60156,45384.60156,45745.14844,45276.39844,45493.69922,334000
21-09-2023,44623.85156,44623.85156,45276.80078,44592.44922,45179.60156,257700
22-09-2023,44612.05078,44612.05078,44996.75,44548.89844,44707.35156,249400
25-09-2023,44766.10156,44766.10156,44936.55078,44400.89844,44615,266500
26-09-2023,44624.19922,44624.19922,44773.80078,44532.44922,44722.5,188500
27-09-2023,44588.30078,44588.30078,44668,44182.5,44465.89844,221900
28-09-2023,44300.94922,44300.94922,44756.80078,44248.19922,44700.35156,389900
29-09-2023,44584.55078,44584.55078,44755.05078,44344.89844,44445.35156,156000
03-10-2023,44399.05078,44399.05078,44566.30078,44243.10156,44561.5,192600
04-10-2023,43964.05078,43964.05078,44161.35156,43857.5,44108.14844,310300
05-10-2023,44213.35156,44213.35156,44391.85156,44108.30078,44181.35156,243400
06-10-2023,44360.60156,44360.60156,44500.69922,44242.94922,44395.39844,157500
09-10-2023,43886.5,43886.5,44113.19922,43796.75,44057.80078,162300
10-10-2023,44360.14844,44360.14844,44487.25,44004.55078,44027.55078,175300
11-10-2023,44516.89844,44516.89844,44710.55078,44411.39844,44554.89844,213700
12-10-2023,44599.19922,44599.19922,44693.05078,44530.05078,44571.55078,112100
13-10-2023,44287.94922,44287.94922,44563.05078,44203.69922,44322.05078,169900
16-10-2023,44225.89844,44225.89844,44356.94922,44044.39844,44204.75,140400
17-10-2023,44409.5,44409.5,44589.85156,44336.94922,44589.80078,120500
18-10-2023,43888.69922,43888.69922,44412.5,43861.44922,44404.19922,217200
19-10-2023,43754.5,43754.5,44058.80078,43558.10156,43616.75,156600
20-10-2023,43723.05078,43723.05078,43877.5,43567.44922,43584.25,152400
23-10-2023,43151.19922,43151.19922,43831.30078,43029.44922,43822.69922,201400
25-10-2023,42832,42832,43397.44922,42758.39844,43308.30078,188300
26-10-2023,42280.14844,42280.14844,42716.19922,42105.39844,42708.39844,307100
27-10-2023,42782,42782,42840.14844,42482.75,42555.60156,213900
30-10-2023,43039.14844,43039.14844,43112.5,42390.5,42721.39844,189000
31-10-2023,42845.94922,42845.94922,43356.85156,42797.14844,43356.85156,157400
01-11-2023,42700.94922,42700.94922,42815.14844,42589.64844,42694.25,145200
02-11-2023,43017.19922,43017.19922,43271.5,42796.44922,43018.69922,144700
03-11-2023,43318.25,43318.25,43416.10156,43221,43318.30078,124100
06-11-2023,43619.39844,43619.39844,43648.69922,43415.19922,43627.75,149900
07-11-2023,43737.89844,43737.89844,43799.35156,43283.85156,43598.85156,198200
08-11-2023,43658.64844,43658.64844,43797.55078,43547.75,43791.80078,163400
09-11-2023,43683.60156,43683.60156,43876.75,43542.64844,43626.10156,108900
10-11-2023,43820.10156,43820.10156,43908.69922,43504.94922,43543.25,90000
13-11-2023,43891.25,43891.25,43970.75,43681.39844,43915.10156,169600
15-11-2023,44201.69922,44201.69922,44408.55078,44164.55078,44398.44922,202500
16-11-2023,44161.55078,44161.55078,44420.94922,44064.14844,44251.69922,144300
17-11-2023,43583.94922,43583.94922,43872.85156,43513.85156,43656.25,227400
20-11-2023,43584.94922,43584.94922,43724,43450.05078,43591.5,124300
21-11-2023,43689.14844,43689.14844,43790.94922,43586.44922,43790.94922,108200
22-11-2023,43449.60156,43449.60156,43692.5,43230.94922,43663.60156,150900
23-11-2023,43577.5,43577.5,43649.64844,43451.35156,43452.75,72300
24-11-2023,43769.10156,43769.10156,43806.5,43566.14844,43607.35156,96800
28-11-2023,43880.94922,43880.94922,43960.30078,43739.80078,43851.55078,151200
29-11-2023,44566.44922,44566.44922,44630.35156,44003.44922,44081.75,152300
30-11-2023,44481.75,44481.75,44764.80078,44254.60156,44711.19922,343200
01-12-2023,44814.19922,44814.19922,44951.10156,44531.75,44580.14844,204900
04-12-2023,46431.39844,46431.39844,46484.44922,45484.19922,45671.5,311200
05-12-2023,47012.25,47012.25,47230.55078,46653.64844,46895.89844,326100
06-12-2023,46834.55078,46834.55078,47259.85156,46750.19922,47256.75,244200
07-12-2023,46841.39844,46841.39844,46927.69922,46507.14844,46735.39844,208100
08-12-2023,47262,47262,47303.64844,46793.89844,46797.19922,218300
11-12-2023,47314.25,47314.25,47588,47186.60156,47233.30078,182500
12-12-2023,47097.55078,47097.55078,47454,47004.05078,47421.69922,182000
13-12-2023,47092.25,47092.25,47201.94922,46886.89844,47190.75,202300
14-12-2023,47732.30078,47732.30078,47943.60156,47510.85156,47567.64844,193100
15-12-2023,48143.55078,48143.55078,48219.94922,47632.85156,47939.89844,313900
18-12-2023,47867.69922,47867.69922,48076.60156,47806.69922,48068.5,157300
19-12-2023,47870.89844,47870.89844,48017,47646.05078,47940.39844,189800
20-12-2023,47445.30078,47445.30078,48166.14844,47202.64844,48085.35156,242500
21-12-2023,47840.14844,47840.14844,47932.39844,46919.69922,47172.44922,208000
22-12-2023,47491.85156,47491.85156,48071.39844,47415.85156,47837.75,165800
26-12-2023,47724.85156,47724.85156,47838.44922,47411.64844,47576.39844,118700
27-12-2023,48282.19922,48282.19922,48347.64844,47806.69922,47818.5,184900
28-12-2023,48508.55078,48508.55078,48636.44922,48343.14844,48479.05078,391100
29-12-2023,48292.25,48292.25,48477.69922,48091.85156,48374.85156,174000
01-01-2024,48234.30078,48234.30078,48450,48044.14844,48203.44922,146900
02-01-2024,47761.64844,47761.64844,48223.55078,47689.80078,48194.80078,183200
03-01-2024,47704.94922,47704.94922,47798.75,47481.35156,47796.30078,233300
04-01-2024,48195.85156,48195.85156,48281.19922,47738.14844,47805.39844,175700
05-01-2024,48159,48159,48381.94922,47822.85156,48245.55078,181000
08-01-2024,47450.25,47450.25,48154.5,47387.35156,48096.64844,231400
09-01-2024,47242.64844,47242.64844,47939.30078,47156.05078,47705.39844,161000
10-01-2024,47360.85156,47360.85156,47423.44922,47010.80078,47073.85156,165200
11-01-2024,47438.35156,47438.35156,47662.10156,47237,47538.60156,132500
12-01-2024,47709.80078,47709.80078,47873.69922,47408.5,47572.69922,191600
15-01-2024,48158.30078,48158.30078,48248.05078,47825.39844,47891.05078,167100
16-01-2024,48125.10156,48125.10156,48305.39844,48002.85156,48109.94922,224500
17-01-2024,46064.44922,46064.44922,47212.75,45979.60156,46573.94922,499600
18-01-2024,45713.55078,45713.55078,46184.05078,45430.69922,45492.75,275000
19-01-2024,45701.14844,45701.14844,46249.85156,45558.05078,46103.5,296600
23-01-2024,45015.05078,45015.05078,46580.30078,44886.10156,46495.44922,422600
24-01-2024,45082.39844,45082.39844,45485.5,44489.39844,44489.39844,348700
25-01-2024,44866.14844,44866.14844,45139.05078,44429,45057.94922,386800
29-01-2024,45442.35156,45442.35156,45660.35156,45110.89844,45171.5,336800
30-01-2024,45367.75,45367.75,45678.69922,45206.05078,45481.5,232100
31-01-2024,45996.80078,45996.80078,46179.75,45071.19922,45295.64844,373100
01-02-2024,46188.64844,46188.64844,46306.89844,45668.35156,46164.89844,305700
02-02-2024,45970.94922,45970.94922,46892.35156,45901.25,46568.19922,337000
05-02-2024,45825.55078,45825.55078,46048.60156,45615.10156,45962.25,265900
06-02-2024,45690.80078,45690.80078,45932.14844,45527,45891.19922,178600
07-02-2024,45818.5,45818.5,46062.85156,45620.5,45944.60156,283700
08-02-2024,45012,45012,46181.19922,44893.75,45973.85156,319900
09-02-2024,45634.55078,45634.55078,45718.14844,44859.14844,44986.75,276000
12-02-2024,44882.25,44882.25,45748.5,44633.85156,45664.30078,268800
13-02-2024,45502.39844,45502.39844,45750.39844,44819.55078,45056.80078,245900
14-02-2024,45908.30078,45908.30078,46170.44922,44860.75,45014.64844,280000
15-02-2024,46218.89844,46218.89844,46297.69922,45590.19922,46027.10156,277700
16-02-2024,46384.85156,46384.85156,46693.39844,46264.39844,46454.30078,291400
19-02-2024,46535.5,46535.5,46717.39844,46317.69922,46554.89844,158400
20-02-2024,47094.19922,47094.19922,47136.75,46367.80078,46444.89844,171900
21-02-2024,47019.69922,47019.69922,47363.39844,46886.94922,47363.39844,198900
22-02-2024,46919.80078,46919.80078,47024.05078,46426.85156,46934.55078,177200
23-02-2024,46811.75,46811.75,47245.35156,46723.14844,47060.69922,200500
26-02-2024,46576.5,46576.5,46893.14844,46513.55078,46615.85156,223700
27-02-2024,46588.05078,46588.05078,46722.25,46324.89844,46480.19922,157300
28-02-2024,45963.14844,45963.14844,46754.55078,45852.55078,46640.89844,167300
29-02-2024,46120.89844,46120.89844,46329.64844,45661.75,45881.44922,544700
01-03-2024,47286.89844,47286.89844,47342.25,46218,46218,172500
04-03-2024,47456.10156,47456.10156,47529.60156,47191.64844,47318.5,158100
05-03-2024,47581,47581,47737.85156,47196.75,47265.69922,176900
06-03-2024,47965.39844,47965.39844,48161.25,47442.25,47451.64844,301700
07-03-2024,47835.80078,47835.80078,48071.69922,47747.19922,48035.80078,146300
11-03-2024,47327.85156,47327.85156,47853.80078,47230.64844,47792.19922,204200
12-03-2024,47282.39844,47282.39844,47812.75,46884.44922,47351.35156,207200
13-03-2024,46981.30078,46981.30078,47468.69922,46842.14844,47341.14844,274600
14-03-2024,46789.94922,46789.94922,47231.5,46565.55078,46825.75,220400
15-03-2024,46594.10156,46594.10156,46802.55078,46310.5,46572.10156,339300
18-03-2024,46575.89844,46575.89844,46739.25,46022.14844,46458.75,151300
19-03-2024,46384.80078,46384.80078,46602.35156,46258.75,46421.89844,147100
20-03-2024,46310.89844,46310.89844,46655.55078,45828.80078,46392.89844,210400
21-03-2024,46684.89844,46684.89844,46990.25,46570.14844,46674.85156,150400
22-03-2024,46863.75,46863.75,46974.14844,46566.80078,46634.89844,172200
26-03-2024,46600.19922,46600.19922,46788.35156,46529.05078,46552.94922,171700
27-03-2024,46785.94922,46785.94922,46956.10156,46643.44922,46643.44922,285100
28-03-2024,47124.60156,47124.60156,47440.44922,46827.85156,46827.85156,348000
01-04-2024,47578.25,47578.25,47646.80078,47373.10156,47391.05078,134089400
02-04-2024,47545.44922,47545.44922,47707.35156,47408.55078,47490.75,183400
03-04-2024,47624.25,47624.25,47676.94922,47279.80078,47350.25,283800
04-04-2024,48060.80078,48060.80078,48254.64844,47712.69922,48086.19922,324300
05-04-2024,48493.05078,48493.05078,48557.39844,47894.5,48104.64844,214300
08-04-2024,48581.69922,48581.69922,48716.94922,48424.64844,48586.75,263400
09-04-2024,48730.55078,48730.55078,48960.75,48568.25,48810.80078,147600
10-04-2024,48986.60156,48986.60156,49057.39844,48669.25,48879.55078,247100
12-04-2024,48564.55078,48564.55078,48882.64844,48477.55078,48671.19922,208000
15-04-2024,47773.25,47773.25,48255.5,47725.80078,48057.5,197100
16-04-2024,47484.80078,47484.80078,47609,47316.55078,47436.69922,186100
18-04-2024,47069.44922,47069.44922,47829.75,46982.14844,47592.69922,186400
19-04-2024,47574.14844,47574.14844,47668.69922,46579.05078,46744.94922,164600
22-04-2024,47924.89844,47924.89844,48146.30078,47628.44922,48145.69922,177700
23-04-2024,47970.44922,47970.44922,48302.69922,47899.30078,48299.60156,141100
24-04-2024,48189,48189,48246.19922,48028.69922,48120.89844,112200
25-04-2024,48494.94922,48494.94922,48625.44922,47737.19922,47772.64844,337400
26-04-2024,48201.05078,48201.05078,48679.64844,48088.25,48660,208100
29-04-2024,49424.05078,49424.05078,49473.60156,48342.69922,48359.89844,327100
30-04-2024,49396.75,49396.75,49974.75,49249.89844,49477.10156,402900
02-05-2024,49231.05078,49231.05078,49529.35156,49123.60156,49262,291900
03-05-2024,48923.55078,48923.55078,49607.75,48659.69922,49375.05078,223000
06-05-2024,48895.30078,48895.30078,49252.64844,48784,49174.55078,340200
07-05-2024,48285.35156,48285.35156,49023.5,48213.75,48965.05078,230300
08-05-2024,48021.10156,48021.10156,48223.05078,47851.14844,48124.19922,286000
09-05-2024,47487.89844,47487.89844,48258.64844,47440.64844,47976.35156,272900
10-05-2024,47421.10156,47421.10156,47868.69922,47313.35156,47555.5,218900
13-05-2024,47754.10156,47754.10156,47841.60156,46983.25,47389.80078,220900
14-05-2024,47859.44922,47859.44922,47937.25,47607.85156,47748.85156,152000
15-05-2024,47687.44922,47687.44922,47957.19922,47534.5,47923.10156,188800
16-05-2024,47977.05078,47977.05078,48052.89844,47340.35156,47945.85156,219900
17-05-2024,48115.64844,48115.64844,48188.64844,47758.80078,47842.94922,143800
21-05-2024,48048.19922,48048.19922,48259.75,47927.10156,47927.10156,166800
22-05-2024,47781.94922,47781.94922,48114.05078,47435.25,48113.89844,204900
23-05-2024,48768.60156,48768.60156,48829.69922,47873.14844,47899.35156,184500
24-05-2024,48971.64844,48971.64844,49052.94922,48644.80078,48668,135000
27-05-2024,49281.80078,49281.80078,49688.85156,49051.25,49105.89844,226500
28-05-2024,49142.14844,49142.14844,49511.14844,49043.64844,49390.89844,155200
29-05-2024,48501.35156,48501.35156,49022.60156,48401.55078,48786.69922,183600
30-05-2024,48682.35156,48682.35156,49044.60156,48313.60156,48313.60156,151000
31-05-2024,48983.94922,48983.94922,49122.55078,48569.05078,48895.14844,303600
03-06-2024,50979.94922,50979.94922,51133.19922,50092.64844,50889.85156,453200
04-06-2024,46928.60156,46928.60156,50667.05078,46077.85156,50667.05078,653100
05-06-2024,49054.60156,49054.60156,49362.89844,46446.80078,47486.60156,546800
06-06-2024,49291.89844,49291.89844,49672.75,48906.75,49426.39844,250400
07-06-2024,49803.19922,49803.19922,49943.19922,49080.44922,49316.94922,170300
10-06-2024,49780.89844,49780.89844,50252.94922,49622.75,49808.14844,195800
11-06-2024,49705.75,49705.75,49970.30078,49530.44922,49751.19922,128500
12-06-2024,49895.10156,49895.10156,50233.39844,49697.35156,49857.44922,211700
13-06-2024,49846.69922,49846.69922,50186.44922,49799.64844,50179,125700
14-06-2024,50002,50002,50102.60156,49693.35156,49993.94922,155000
18-06-2024,50440.89844,50440.89844,50562.14844,49900.19922,50194.35156,189200
19-06-2024,51398.05078,51398.05078,51957,50441.75,50607.89844,435300
20-06-2024,51783.25,51783.25,51842.19922,51281.5,51712.89844,235900
21-06-2024,51661.44922,51661.44922,51934.35156,51224.94922,51927.30078,289400
24-06-2024,51703.94922,51703.94922,51783.94922,51138.89844,51280.25,176600
25-06-2024,52606,52606,52746.5,51747.64844,51759.44922,204000
26-06-2024,52870.5,52870.5,52988.30078,52373.69922,52653.19922,214300
27-06-2024,52811.30078,52811.30078,53180.75,52639,52980.30078,332900
28-06-2024,52342.25,52342.25,53030.30078,52242.30078,52874.94922,244600
01-07-2024,52574.75,52574.75,52656.14844,52166.05078,52351.14844,0
02-07-2024,52168.10156,52168.10156,52828.44922,51996.64844,52793.75,0
03-07-2024,53089.25,53089.25,53256.69922,52482.64844,52872.30078,0
04-07-2024,53103.69922,53103.69922,53357.69922,52815.89844,53357.69922,163700
05-07-2024,52660.35156,52660.35156,52817.85156,52290.05078,52560.10156,199600
08-07-2024,52425.80078,52425.80078,52710.80078,52246.69922,52533.10156,158000
09-07-2024,52568.80078,52568.80078,52626.60156,52292.94922,52390.5,145100
10-07-2024,52189.30078,52189.30078,52528.80078,52075.39844,52528.80078,228000
11-07-2024,52270.64844,52270.64844,52400.30078,51749.44922,52316.89844,138300
12-07-2024,52278.89844,52278.89844,52794.55078,52171.14844,52272.64844,171000
15-07-2024,52455.89844,52455.89844,52662.25,52154,52330.05078,186100
16-07-2024,52396.80078,52396.80078,52619.05078,52331.60156,52466.69922,158800
18-07-2024,52620.69922,52620.69922,52782.75,52168.64844,52215.05078,139400
19-07-2024,52265.60156,52265.60156,52586.75,52146.30078,52531.55078,134100
22-07-2024,52280.39844,52280.39844,52427,51874.55078,52145.60156,175300
23-07-2024,51778.30078,51778.30078,52547.55078,51342.64844,52511,207800
24-07-2024,51317,51317,51944.64844,50784.25,51657.64844,292200
25-07-2024,50888.75,50888.75,51006.10156,50559.89844,50762.30078,188400
26-07-2024,51295.94922,51295.94922,51398.60156,50438.30078,50456.10156,215700
29-07-2024,51406.25,51406.25,52340.25,51186.94922,51546.64844,513700
30-07-2024,51499.30078,51499.30078,51957.75,51260.05078,51383.89844,235200
31-07-2024,51553.39844,51553.39844,51663.10156,51335.69922,51583.44922,219000
01-08-2024,51564,51564,51877.14844,51456.19922,51672.60156,156400
02-08-2024,51350.14844,51350.14844,51608.69922,51087.85156,51172.25,163000
05-08-2024,50092.10156,50092.10156,50747.55078,49719.10156,50586.25,257800
06-08-2024,49748.30078,49748.30078,50688.80078,49659.05078,50436.89844,162800
07-08-2024,50119,50119,50292.44922,49782.19922,50286.19922,171000
08-08-2024,50156.69922,50156.69922,50440.75,49829.60156,50051.89844,124800
09-08-2024,50484.5,50484.5,50707.75,50386.44922,50612.10156,120200
12-08-2024,50577.94922,50577.94922,50830.69922,50149.25,50412.60156,163500
13-08-2024,49831.85156,49831.85156,50559.25,49785.10156,50395.35156,148900
14-08-2024,49727.30078,49727.30078,49959.25,49654.64844,49887.14844,137100
16-08-2024,50516.89844,50516.89844,50603.39844,49806.05078,50133,130700
19-08-2024,50368.35156,50368.35156,50728.25,50283.55078,50683.55078,115300
20-08-2024,50803.14844,50803.14844,51025.60156,50398.60156,50417.25,144200
21-08-2024,50685.55078,50685.55078,50772.44922,50333.35156,50666.64844,180800
22-08-2024,50985.69922,50985.69922,51080,50794.44922,50894.80078,133100
23-08-2024,50933.44922,50933.44922,51117.85156,50856.69922,51040.05078,88500
26-08-2024,51148.10156,51148.10156,51317.85156,51061.55078,51100.64844,100300
27-08-2024,51278.75,51278.75,51404.69922,50938.10156,51214.05078,111400
28-08-2024,51143.85156,51143.85156,51260.75,51033.69922,51208.94922,128100
29-08-2024,51152.75,51152.75,51368.94922,50984.39844,51103.75,143600
30-08-2024,51351,51351,51466.55078,51256,51437.44922,478600
02-09-2024,51439.55078,51439.55078,51579.5,51295.80078,51579.5,150200
03-09-2024,51689.10156,51689.10156,51750.10156,51240.05078,51479.75,127200
04-09-2024,51400.25,51400.25,51503.55078,51259.89844,51364.64844,159700
05-09-2024,51473.05078,51473.05078,51636.75,51389.14844,51544.25,129600
06-09-2024,50576.85156,50576.85156,51380.05078,50447.30078,51200.39844,186000
09-09-2024,51117.80078,51117.80078,51192.75,50369.39844,50549.25,172400
10-09-2024,51272.30078,51272.30078,51366,50958.25,51328.30078,119300
11-09-2024,51010,51010,51420.14844,50947.69922,51218.55078,145100
12-09-2024,51772.39844,51772.39844,51878.10156,51025,51271,127900
13-09-2024,51938.05078,51938.05078,51994.10156,51643.94922,51952.55078,152000
16-09-2024,52153.14844,52153.14844,52208.69922,51921.44922,52038.69922,93800
17-09-2024,52188.64844,52188.64844,52284.60156,52085.5,52249.05078,111400
18-09-2024,52750.39844,52750.39844,52954.19922,52154.55078,52177.10156,205100
19-09-2024,53037.60156,53037.60156,53353.30078,52847.89844,52929.25,164900
20-09-2024,53793.19922,53793.19922,54066.10156,53037.60156,53235.80078,271900
23-09-2024,54105.80078,54105.80078,54197.94922,53741.39844,53917.89844,163700
24-09-2024,53968.60156,53968.60156,54247.69922,53904.64844,54110.64844,192600
25-09-2024,54101.64844,54101.64844,54141.30078,53792.85156,53794,184600
26-09-2024,54375.35156,54375.35156,54467.35156,54010.89844,54045.85156,170500
27-09-2024,53834.30078,53834.30078,54338.69922,53763.19922,54338.69922,217400
30-09-2024,52978.10156,52978.10156,53726.39844,52926.55078,53556.94922,179300
01-10-2024,52922.60156,52922.60156,53235.25,52817.80078,52844,240200
03-10-2024,51845.19922,51845.19922,52582.94922,51683.39844,52314.44922,272300
04-10-2024,51462.05078,51462.05078,52358.35156,51347.25,51643.75,255800
07-10-2024,50478.89844,50478.89844,51784.80078,50194.30078,51543.19922,328700
08-10-2024,51021,51021,51176.05078,50466,50736.10156,153200
09-10-2024,51007,51007,51707.14844,50903.75,51161.75,310000
10-10-2024,51530.89844,51530.89844,51659.44922,51047,51195.69922,123700
11-10-2024,51172.30078,51172.30078,51560,51005.85156,51491.89844,109400
14-10-2024,51816.89844,51816.89844,51893,51220.85156,51263.25,126600
15-10-2024,51906,51906,52022.05078,51698.75,51975.94922,101400
16-10-2024,51801.05078,51801.05078,52031.60156,51711.19922,51711.19922,94400
17-10-2024,51288.80078,51288.80078,51930.19922,51150.25,51849.30078,107800
18-10-2024,52094.19922,52094.19922,52199.44922,51000.89844,51261,139100
21-10-2024,51962.69922,51962.69922,52577.5,51855.14844,52361.10156,145700
22-10-2024,51257.14844,51257.14844,52257.30078,51179.60156,52071.35156,203900
23-10-2024,51239,51239,51551.55078,51107.89844,51117.80078,208100
24-10-2024,51531.14844,51531.14844,51781.55078,51201.85156,51272.30078,171800
25-10-2024,50787.44922,50787.44922,51501.05078,50382.10156,51369.75,271700
28-10-2024,51259.30078,51259.30078,51589.14844,51012.55078,51061.35156,447600
29-10-2024,52320.69922,52320.69922,52354.85156,51278.89844,51404.10156,374600
30-10-2024,51807.5,51807.5,52220,51733,51988.69922,247700
31-10-2024,51475.35156,51475.35156,52005.60156,51318.10156,51649.44922,319900
01-11-2024,51673.89844,51673.89844,51825.5,51459.39844,51550.14844,51400
04-11-2024,51215.25,51215.25,51764.5,51066.80078,51764.5,320500
05-11-2024,52207.25,52207.25,52289.55078,50865.44922,51052.60156,245000
06-11-2024,52317.39844,52317.39844,52493.94922,52185.39844,52440.39844,219100
07-11-2024,51916.5,51916.5,52377.25,51752.25,52258.94922,160500
08-11-2024,51561.19922,51561.19922,52007.14844,51494,51869.14844,157200
11-11-2024,51876.75,51876.75,52177.69922,51294.19922,51562.69922,160700
12-11-2024,51157.80078,51157.80078,52169.05078,51006.85156,52053.75,131400
13-11-2024,50088.35156,50088.35156,51353.5,49904.39844,51030.94922,207100
14-11-2024,50179.55078,50179.55078,50561.80078,49939.35156,50053.44922,133900
18-11-2024,50363.80078,50363.80078,50445.80078,50074,50312.44922,161500
19-11-2024,50626.5,50626.5,50983.5,50440.85156,50580.55078,185800
21-11-2024,50372.89844,50372.89844,50652.14844,49787.10156,50625,254600
22-11-2024,51135.39844,51135.39844,51271.5,50508.25,50512.80078,183400
25-11-2024,52207.5,52207.5,52331.10156,51774.05078,52046.35156,458500
26-11-2024,52191.5,52191.5,52555.5,51999.75,52554.89844,113100
27-11-2024,52301.80078,52301.80078,52444.35156,52019.64844,52154.30078,151600
28-11-2024,51906.85156,51906.85156,52760.19922,51782.89844,52389.94922,172000
29-11-2024,52055.60156,52055.60156,52170.89844,51759.44922,51984.14844,139600
02-12-2024,52109,52109,52197.25,51693.94922,52087.64844,102500
03-12-2024,52695.75,52695.75,52780.89844,52216.85156,52357.94922,173600
04-12-2024,53266.89844,53266.89844,53387.10156,52685.14844,52775,228600
05-12-2024,53603.55078,53603.55078,53888.30078,52850.35156,53354.44922,155600
06-12-2024,53509.5,53509.5,53868.5,53160.64844,53634.19922,209400
09-12-2024,53407.75,53407.75,53775.10156,53326.39844,53380.75,121800
10-12-2024,53577.69922,53577.69922,53624.05078,53302.64844,53450.05078,121800
11-12-2024,53391.35156,53391.35156,53648.05078,53302.14844,53459.30078,101600
12-12-2024,53216.44922,53216.44922,53537.44922,53174.39844,53201,99500
13-12-2024,53583.80078,53583.80078,53654,52264.55078,53109.80078,139900
16-12-2024,53581.35156,53581.35156,53738.89844,53335,53502.5,85800
17-12-2024,52834.80078,52834.80078,53515.69922,52709.39844,53394.10156,116200
18-12-2024,52139.55078,52139.55078,52827.60156,52010.64844,52696.94922,149500
19-12-2024,51575.69922,51575.69922,51789.85156,51263.75,51428.44922,145900
20-12-2024,50759.19922,50759.19922,51629,50609.35156,51401.35156,228200
23-12-2024,51317.60156,51317.60156,51417.35156,51030.39844,51044.39844,110800
24-12-2024,51233,51233,51382.10156,51137.5,51314.94922,112000
26-12-2024,51170.69922,51170.69922,51740,50951.80078,51395.80078,91300
27-12-2024,51311.30078,51311.30078,51628.44922,51240.10156,51268.19922,78200
30-12-2024,50952.75,50952.75,51979.75,50718.35156,51255.35156,316300
31-12-2024,50860.19922,50860.19922,50945.55078,50599.80078,50648.19922,105300
01-01-2025,51060.60156,51060.60156,51321.94922,50485.05078,50841.89844,81100
02-01-2025,51605.55078,51605.55078,51672.75,50992.80078,51084.94922,134400
03-01-2025,50988.80078,50988.80078,51671.60156,50904.35156,51567.14844,148200
06-01-2025,49922,49922,51026.10156,49751,50990.64844,184600
07-01-2025,50202.14844,50202.14844,50447.60156,49969.30078,50061.19922,103800
08-01-2025,49835.05078,49835.05078,50246.89844,49389.75,50201.75,131200
09-01-2025,49503.5,49503.5,49798.10156,49230.14844,49712.55078,136400
10-01-2025,48734.14844,48734.14844,49483.14844,48631.19922,49426.5,142400
13-01-2025,48041.25,48041.25,48606.35156,47898.35156,48264.25,168800
14-01-2025,48729.14844,48729.14844,49007.35156,48235.19922,48266.89844,151900
15-01-2025,48751.69922,48751.69922,49083.64844,48522.39844,48832.75,145100
16-01-2025,49278.69922,49278.69922,49459,49038.44922,49082.89844,146700
17-01-2025,48540.60156,48540.60156,49047.19922,48309.5,48959.5,130600
20-01-2025,49350.80078,49350.80078,49650.60156,48683.60156,48834.14844,173100
21-01-2025,48570.89844,48570.89844,49543.14844,48430.94922,49532,134700
22-01-2025,48724.39844,48724.39844,48781.75,48074.05078,48689.55078,151700
23-01-2025,48589,48589,48892.69922,48493,48770.14844,124600
24-01-2025,48367.80078,48367.80078,48858.64844,48203,48546.05078,139900
27-01-2025,48064.64844,48064.64844,48319.19922,47844.14844,47881.64844,271800
28-01-2025,48866.85156,48866.85156,49247.14844,48449.05078,48642.5,299900
29-01-2025,49165.94922,49165.94922,49199.64844,48849.80078,48997.19922,177200
30-01-2025,49311.94922,49311.94922,49426.19922,49031.80078,49206.19922,197900
31-01-2025,49587.19922,49587.19922,49674.80078,49031.80078,49259.64844,232000
03-02-2025,49210.55078,49210.55078,49373.44922,48906.05078,49074.80078,122900
04-02-2025,50157.94922,50157.94922,50206.60156,49482.5,49538.80078,155700
05-02-2025,50343.05078,50343.05078,50522.14844,50215.44922,50402.30078,149000
06-02-2025,50382.10156,50382.10156,50553.35156,50149.80078,50468.35156,158400
07-02-2025,50158.85156,50158.85156,50641.75,49871.14844,50484.44922,178700
10-02-2025,49981,49981,50155.64844,49703.10156,50052.5,98400
11-02-2025,49403.39844,49403.39844,49906.75,49177.39844,49812.14844,127000
12-02-2025,49479.44922,49479.44922,49702.35156,48734.35156,49402.25,136500
13-02-2025,49359.85156,49359.85156,49836.10156,49276.10156,49469.35156,118600
14-02-2025,49099.44922,49099.44922,49592.94922,48719.75,49485.64844,130600
17-02-2025,49258.89844,49258.89844,49319,48525.60156,48880.39844,114800
18-02-2025,49087.30078,49087.30078,49328.55078,48814.94922,49211.85156,107800
19-02-2025,49570.10156,49570.10156,49628.25,48804,48895.35156,113300
20-02-2025,49334.55078,49334.55078,49455.80078,49150.94922,49314.10156,112000
21-02-2025,48981.19922,48981.19922,49306.55078,48764,49127.94922,95300
24-02-2025,48651.94922,48651.94922,48748.39844,48281.89844,48619.80078,95700
25-02-2025,48608.35156,48608.35156,48862.14844,48534.14844,48691.19922,106700
27-02-2025,48743.80078,48743.80078,48972.55078,48627.10156,48732.19922,186700
28-02-2025,48344.69922,48344.69922,48574.5,48078.69922,48437.55078,287700
03-03-2025,48114.30078,48114.30078,48574.69922,47841.30078,48478.60156,151000
04-03-2025,48245.19922,48245.19922,48374.89844,47924.75,47942.5,139300
05-03-2025,48489.94922,48489.94922,48657.64844,48190.25,48241.30078,127800
06-03-2025,48627.69922,48627.69922,48839.10156,48299.39844,48760,137400
07-03-2025,48497.5,48497.5,48709.05078,48359.35156,48463.80078,106000
10-03-2025,48216.80078,48216.80078,48599.14844,48124.64844,48312,123800
11-03-2025,47853.94922,47853.94922,48029.05078,47702.89844,47874.80078,222400
12-03-2025,48056.64844,48056.64844,48222.14844,47844.94922,47894.39844,243300
13-03-2025,48060.39844,48060.39844,48352.44922,48006.10156,48219.14844,145900
17-03-2025,48354.14844,48354.14844,48481.35156,48196.10156,48219.55078,131300
18-03-2025,49314.5,49314.5,49400.30078,48629.44922,48792.89844,146600
19-03-2025,49702.60156,49702.60156,49807.55078,49324.80078,49375.39844,137600
20-03-2025,50062.85156,50062.85156,50155.30078,49771.64844,49947.60156,115700
21-03-2025,50593.55078,50593.55078,50672.14844,49891.94922,49927.10156,225500
24-03-2025,51704.94922,51704.94922,51801.14844,50795.89844,50982.69922,180400
25-03-2025,51607.94922,51607.94922,52063.94922,51429.60156,51874.19922,185200
26-03-2025,51209,51209,51875.80078,51069.14844,51640.05078,152900
27-03-2025,51575.85156,51575.85156,51714.35156,51050.85156,51084.69922,415800
28-03-2025,51564.85156,51564.85156,51839.10156,51335.35156,51608.39844,171200
01-04-2025,50827.5,50827.5,51683.85156,50742,51178.14844,176300
02-04-2025,51348.05078,51348.05078,51404.19922,50908.35156,50966.89844,149900
03-04-2025,51597.35156,51597.35156,51661.60156,50906.64844,50910,291200
04-04-2025,51502.69922,51502.69922,51893.60156,51360.39844,51711.60156,189600
07-04-2025,49860.10156,49860.10156,50426.25,49156.94922,49336.10156,236800
08-04-2025,50511,50511,50793.69922,50030.80078,50388.55078,162300
09-04-2025,50240.14844,50240.14844,50496.89844,49910.85156,50487.10156,141800
11-04-2025,51002.35156,51002.35156,51244.69922,50634.10156,50634.10156,140000
15-04-2025,52379.5,52379.5,52486.35156,51863.30078,52299,203800
16-04-2025,53117.75,53117.75,53164.44922,52471.35156,52690.89844,200500
17-04-2025,54290.19922,54290.19922,54407.19922,53084.89844,53153.75,294900
21-04-2025,55304.5,55304.5,55461.64844,54674.94922,54891.25,300
22-04-2025,55647.19922,55647.19922,55961.19922,55243.55078,55414.30078,276900
23-04-2025,55370.05078,55370.05078,56098.69922,55162.5,56097.10156,245500
24-04-2025,55201.39844,55201.39844,55550.44922,55088.39844,55103.89844,233200
25-04-2025,54664.05078,54664.05078,55350.55078,54176.44922,55233.55078,210800
28-04-2025,55432.80078,55432.80078,55577.39844,54582.35156,54610.30078,178600
29-04-2025,55391.25,55391.25,55957.75,55262.39844,55524.35156,193900
30-04-2025,55087.14844,55087.14844,55478.25,54723.69922,55382.39844,193500
02-05-2025,55115.35156,55115.35156,55691.94922,54994.39844,55100.94922,154200
05-05-2025,54919.5,54919.5,55345.5,54786.5,55065.80078,139400
06-05-2025,54271.39844,54271.39844,55036.94922,54172.94922,54918.25,198700
07-05-2025,54610.89844,54610.89844,54684.30078,53919.89844,54013.39844,268900
08-05-2025,54365.64844,54365.64844,54937.25,54108,54801.75,302200
09-05-2025,53595.25,53595.25,54054.80078,53483.05078,53595.94922,179300
12-05-2025,55382.85156,55382.85156,55466.30078,54558.05078,54658.75,199600
13-05-2025,54940.85156,54940.85156,55499.64844,54888.5,55233.5,190000
14-05-2025,54801.30078,54801.30078,55208.60156,54491,55008.55078,145200
15-05-2025,55355.60156,55355.60156,55490.55078,54442.30078,54853.69922,138400
16-05-2025,55354.89844,55354.89844,55418.89844,55170.25,55276,136000
19-05-2025,55420.69922,55420.69922,55695.55078,55296.55078,55326.05078,138100
20-05-2025,54877.35156,54877.35156,55568.35156,54829.44922,55445.30078,143400
21-05-2025,55075.10156,55075.10156,55336.85156,54690.80078,55060.19922,119500
22-05-2025,54941.30078,54941.30078,54996.10156,54576.60156,54875.89844,148200
23-05-2025,55398.25,55398.25,55441.30078,54854.5,54959.30078,88900
26-05-2025,55572,55572,55875.75,55307.5,55534.89844,90800
27-05-2025,55352.80078,55352.80078,55831.35156,55037.85156,55458.94922,145400
28-05-2025,55417,55417,55521.80078,55235.55078,55328.60156,128300
29-05-2025,55546.05078,55546.05078,55782.75,55096.44922,55571.39844,185700
30-05-2025,55749.69922,55749.69922,55813.30078,55356.60156,55615.55078,281100
02-06-2025,55903.39844,55903.39844,55966.30078,55400.55078,55598.25,211300
03-06-2025,55599.94922,55599.94922,56161.39844,55455.80078,56104.80078,212800
04-06-2025,55676.85156,55676.85156,55791,55408.35156,55650.35156,151500
05-06-2025,55760.85156,55760.85156,56010.14844,55580.44922,55806.75,141300
06-06-2025,56578.39844,56578.39844,56695,55534.75,55699.44922,347000
09-06-2025,56839.60156,56839.60156,57049.5,56792.69922,57049.5,207500
10-06-2025,56629.10156,56629.10156,57015.39844,56564.14844,56993.89844,146000
11-06-2025,56459.75,56459.75,56782.5,56399.39844,56639.85156,135300
12-06-2025,56082.55078,56082.55078,56611.05078,55968.5,56480.89844,135300
13-06-2025,55527.35156,55527.35156,55688,55149.30078,55149.30078,142000
16-06-2025,55944.89844,55944.89844,55999.85156,55381.44922,55554.10156,107700
17-06-2025,55714.14844,55714.14844,56067.30078,55643.94922,55975,106300
18-06-2025,55828.75,55828.75,55933.60156,55511.80078,55544.94922,116400
19-06-2025,55577.44922,55577.44922,55942.44922,55475.44922,55784.85156,131300
20-06-2025,56252.85156,56252.85156,56328.19922,55566.39844,55566.69922,161500
23-06-2025,56059.35156,56059.35156,56233.55078,55779.25,55832.35156,86800
24-06-2025,56461.89844,56461.89844,56862,56276.14844,56529.44922,132900
25-06-2025,56621.14844,56621.14844,56681.39844,56420.64844,56564.5,98700
26-06-2025,57206.69922,57206.69922,57263.44922,56558.35156,56693.55078,176500
27-06-2025,57443.89844,57443.89844,57475.39844,56993.85156,57234.69922,238000
30-06-2025,57312.75,57312.75,57614.5,57193.80078,57529.94922,183000
01-07-2025,57459.44922,57459.44922,57533.85156,57150.35156,57375.80078,283300
02-07-2025,56999.19922,56999.19922,57628.39844,56833.80078,57558.19922,169600
03-07-2025,56791.94922,56791.94922,57193.25,56764.10156,57050.39844,149900
04-07-2025,57031.89844,57031.89844,57075.10156,56623.60156,56825.25,93900
07-07-2025,56949.19922,56949.19922,57152.19922,56838.55078,56938.69922,103300
08-07-2025,57256.30078,57256.30078,57303.30078,56923.05078,56942.55078,105500
09-07-2025,57213.55078,57213.55078,57290.64844,57037.89844,57199.75,91100
10-07-2025,56956,56956,57363.69922,56886.60156,57339.75,102000
11-07-2025,56754.69922,56754.69922,57091.05078,56607.75,56843.44922,95500
14-07-2025,56765.35156,56765.35156,56896.30078,56594.25,56780.75,123000
15-07-2025,57006.64844,57006.64844,57134.94922,56707.80078,56709.19922,124600
16-07-2025,57168.94922,57168.94922,57276.55078,56937.60156,57111.25,161300
17-07-2025,56828.80078,56828.80078,57262.85156,56780.14844,57231.94922,129800
18-07-2025,56283,56283,56705.14844,56204.85156,56524.25,141200
21-07-2025,56952.75,56952.75,56983.44922,56255.69922,56558.89844,133700
22-07-2025,56756,56756,57286.14844,56692,57253.35156,132800
23-07-2025,57210.44922,57210.44922,57249,56715.80078,56918.14844,129800
24-07-2025,57066.05078,57066.05078,57316.60156,56850.89844,57316.60156,179800
25-07-2025,56528.89844,56528.89844,57170.69922,56439.39844,57170.69922,125100
28-07-2025,56084.89844,56084.89844,56578.39844,55997.44922,56215.10156,145700
29-07-2025,56222,56222,56296.39844,55843.25,55881.80078,145100
30-07-2025,56150.69922,56150.69922,56321.14844,56064.55078,56310.10156,139700
31-07-2025,55961.94922,55961.94922,56406.19922,55547.35156,55728.14844,182800
01-08-2025,55617.60156,55617.60156,56097.60156,55562.10156,55897.14844,98900
04-08-2025,55619.35156,55619.35156,55752.44922,55437.30078,55557.5,131100
05-08-2025,55360.25,55360.25,55648.14844,55202.85156,55545.05078,105700
06-08-2025,55411.14844,55411.14844,55559.39844,55227.69922,55329.80078,117600
07-08-2025,55521.14844,55521.14844,55614.80078,54973.55078,55215.64844,95500
08-08-2025,55004.89844,55004.89844,55652.60156,54905.60156,55609.35156,97300
11-08-2025,55510.75,55510.75,55582.14844,54927.55078,54999.35156,105200
12-08-2025,55043.69922,55043.69922,55566.69922,55001.5,55441.10156,74700
13-08-2025,55181.44922,55181.44922,55340.05078,55026.94922,55340.05078,80100
14-08-2025,55341.85156,55341.85156,55472.80078,55074.30078,55102.55078,74200
18-08-2025,55734.89844,55734.89844,56156.30078,55647.64844,55940.60156,101700
19-08-2025,55865.14844,55865.14844,55965.55078,55608.14844,55622.30078,89300
20-08-2025,55698.5,55698.5,55812.60156,55577.35156,55751.5,69100
21-08-2025,55755.44922,55755.44922,55993.64844,55708.19922,55972.05078,70300
22-08-2025,55149.39844,55149.39844,55745,55102.60156,55669.25,77100
25-08-2025,55139.30078,55139.30078,55306,55048.39844,55147.75,79900
26-08-2025,54450.44922,54450.44922,55068.89844,54396.10156,54999.05078,123800
28-08-2025,53820.35156,53820.35156,54382.25,53768.44922,54256,134300
29-08-2025,53655.64844,53655.64844,54086,53606.44922,53660.35156,103900
01-09-2025,54002.44922,54002.44922,54035.85156,53658.14844,53658.14844,78000
02-09-2025,53661,53661,54160.94922,53578,54038.25,77500
03-09-2025,54067.55078,54067.55078,54136.14844,53561.75,53630.75,100100
04-09-2025,54075.44922,54075.44922,54450.55078,53971.85156,54379.60156,120000
05-09-2025,54114.55078,54114.55078,54308.05078,53719.55078,54308.05078,79900
08-09-2025,54186.89844,54186.89844,54518.69922,54067.14844,54215.39844,76300
09-09-2025,54216.10156,54216.10156,54350.64844,54079.44922,54330.55078,93800
10-09-2025,54536,54536,54705.19922,54400,54554.75,116900
11-09-2025,54669.60156,54669.60156,54757.44922,54402.39844,54413.05078,96900
12-09-2025,54809.30078,54809.30078,54852.25,54580.35156,54781.55078,80100
15-09-2025,54887.85156,54887.85156,55018.69922,54807.5,54884.05078,72000
16-09-2025,55147.60156,55147.60156,55185.44922,54777.75,54778.39844,98700
17-09-2025,55493.30078,55493.30078,55540.75,55146.55078,55158.35156,155300
18-09-2025,55727.44922,55727.44922,55835.25,55490.89844,55797.10156,134300
19-09-2025,55458.85156,55458.85156,55688.75,55355.30078,55647.94922,190000
22-09-2025,55284.75,55284.75,55666.35156,55215.60156,55429.30078,118600
23-09-2025,55509.75,55509.75,55662,55159,55248.69922,171200
24-09-2025,55121.5,55121.5,55511.10156,55040.44922,55387.10156,172000
25-09-2025,54976.19922,54976.19922,55276.64844,54903.30078,55061.64844,158400
26-09-2025,54389.35156,54389.35156,54897,54310.94922,54797.89844,127700
29-09-2025,54461,54461,54686.05078,54226.60156,54460.39844,218300
30-09-2025,54635.85156,54635.85156,54793.05078,54502.94922,54705.5,206900
01-10-2025,55347.94922,55347.94922,55406.75,54582.55078,54653.89844,173000
03-10-2025,55589.25,55589.25,55616.44922,55177,55182.60156,156900
06-10-2025,56104.85156,56104.85156,56164.19922,55727.25,55834.69922,162600
07-10-2025,56239.35156,56239.35156,56502.44922,56025.05078,56126.39844,153700
08-10-2025,56018.25,56018.25,56303.60156,55821,56098.5,133600
09-10-2025,56192.05078,56192.05078,56286.25,55843.89844,55979,118000
10-10-2025,56609.75,56609.75,56760.25,56152.44922,56168.60156,163000
13-10-2025,56625,56625,56770.89844,56327.39844,56337.05078,123500
14-10-2025,56496.44922,56496.44922,56721.30078,56230.14844,56598.64844,129800
15-10-2025,56799.89844,56799.89844,56922.69922,56491.85156,56528.94922,123700
16-10-2025,57422.55078,57422.55078,57525.80078,56994.69922,57139.94922,148600
17-10-2025,57713.35156,57713.35156,57830.19922,57238.64844,57362.89844,147200
20-10-2025,58033.19922,58033.19922,58261.55078,57872.85156,57872.85156,341700
21-10-2025,58007.19922,58007.19922,58155.55078,57887.19922,58063.39844,39000
23-10-2025,58078.05078,58078.05078,58577.5,57951.44922,58314.55078,291600
24-10-2025,57699.60156,57699.60156,58232.89844,57482.05078,58172.75,132100
27-10-2025,58114.25,58114.25,58224.55078,57652.75,57796.44922,153000
28-10-2025,58214.10156,58214.10156,58313.80078,57770.35156,58006.55078,256100
29-10-2025,58385.25,58385.25,58469.89844,58087.05078,58316.25,151800
30-10-2025,58031.10156,58031.10156,58331.19922,57999.19922,58152.05078,223000
31-10-2025,57776.35156,57776.35156,58254.94922,57656.94922,57942.44922,307900
03-11-2025,58101.44922,58101.44922,58247.55078,57718.39844,57726.85156,27800
04-11-2025,57827.05078,57827.05078,58119.64844,57732.94922,57966.64844,168600
06-11-2025,57554.25,57554.25,57945.05078,57521,57714.80078,170400
07-11-2025,57876.80078,57876.80078,58001.35156,57157.85156,57391.39844,142400
10-11-2025,57937.55078,57937.55078,58097.19922,57846.19922,57846.19922,123400
11-11-2025,58138.14844,58138.14844,58187.35156,57594.25,57962.30078,119600
12-11-2025,58274.64844,58274.64844,58507.69922,58171.85156,58505.35156,149300
13-11-2025,58381.94922,58381.94922,58615.94922,58127.10156,58158.75,121200
14-11-2025,58517.55078,58517.55078,58590.14844,58050,58050,114800
17-11-2025,58962.69922,58962.69922,59001.55078,58605.30078,58696.30078,157500
18-11-2025,58899.25,58899.25,59103.64844,58798.89844,58990.5,145500
19-11-2025,59216.05078,59216.05078,59264.25,58688.55078,58908.14844,149800
20-11-2025,59347.69922,59347.69922,59440.10156,59125.25,59308.19922,120000
21-11-2025,58867.69922,58867.69922,59232.14844,58823.64844,59116.69922,121400
24-11-2025,58835.35156,58835.35156,59309.89844,58649.5,58996.89844,190400
25-11-2025,58820.30078,58820.30078,59166.14844,58746.19922,58925.64844,137400
26-11-2025,59528.05078,59528.05078,59554.94922,58783.05078,58783.05078,140200
27-11-2025,59737.30078,59737.30078,59866.60156,59523,59605.30078,137800
28-11-2025,59752.69922,59752.69922,59897.5,59598.94922,59758.69922,100000
01-12-2025,59681.35156,59681.35156,60114.30078,59527.60156,60102.05078,122300
02-12-2025,59273.80078,59273.80078,59656.55078,59251.94922,59354.19922,207100
03-12-2025,59348.25,59348.25,59414.89844,58925.69922,59158.69922,166400
04-12-2025,59288.69922,59288.69922,59548.69922,59062.14844,59287.10156,109600
05-12-2025,59777.19922,59777.19922,59806.60156,59106.55078,59133.19922,119500
08-12-2025,59238.55078,59238.55078,59713.14844,59030.60156,59672.05078,131200
09-12-2025,59222.35156,59222.35156,59358.25,58878.44922,58918.85156,137800
10-12-2025,58960.39844,58960.39844,59440.89844,58853.89844,59281.55078,105200
11-12-2025,59209.85156,59209.85156,59423.35156,58799.89844,58966.19922,96900
12-12-2025,59389.94922,59389.94922,59545.69922,59224.85156,59401.5,107700
15-12-2025,59461.80078,59461.80078,59533,59052.30078,59053.69922,125200
16-12-2025,59034.60156,59034.60156,59335.25,58966.35156,59288.75,123300
17-12-2025,58926.75,58926.75,59127.19922,58801.39844,59072.80078,132700
18-12-2025,58912.85156,58912.85156,59211,58712.69922,58712.69922,97400
19-12-2025,59069.19922,59069.19922,59140.55078,58897.5,59047.39844,179100
22-12-2025,59304,59304,59371.19922,59155.5,59224.75,114800
23-12-2025,59299.55078,59299.55078,59402.35156,59216.75,59334.35156,91800
24-12-2025,59183.60156,59183.60156,59478.14844,59118.25,59322.94922,82500
26-12-2025,59011.35156,59011.35156,59180.64844,58947.05078,59092.85156,72900
29-12-2025,58932.35156,58932.35156,59140.39844,58809.55078,59007.05078,106900
30-12-2025,59171.25,59171.25,59272.69922,58737.60156,58885.94922,295700
31-12-2025,59581.85156,59581.85156,59766.19922,59187.10156,59194.60156,122600
